# ===========================================
# MyDigipal 301 Redirects - Webflow to Astro
# ===========================================

# Domain redirect (www to non-www)
https://www.mydigipal.com/* https://mydigipal.com/:splat 301!

# ========================
# HOME PAGES
# ========================
/ /en 301!

# ========================
# SERVICES (EN)
# ========================
/paid-social /en/services/paid-social 301
/paid-search /en/services/google-ads 301
/seo /en/services/seo 301
/email-marketing /en/services/emailing 301
/ai-training /en/services/ai-training 301
/content-creation /en/services/paid-social 301
/display /en/services/google-ads 301
/content-syndication /en 301
/tools-and-solutions /en/services/ai-solutions 301

# ========================
# SERVICES (FR)
# ========================
/fr/paid-social /fr/services/paid-social 301
/fr/paid-search /fr/services/google-ads 301
/fr/seo /fr/services/seo 301
/fr/email-marketing /fr/services/emailing 301
/fr/ai-training /fr/services/ai-training 301
/fr/content-creation /fr/services/paid-social 301
/fr/display /fr/services/google-ads 301
/fr/content-syndication /fr 301
/fr/tools-and-solutions /fr/services/ai-solutions 301

# ========================
# B2B / ABM PAGES (Consolidated to new B2B/ABM page)
# ========================
/abm /en/services/b2b-abm 301
/campaign-management /en/services/b2b-abm 301
/marketing-automation /en/services/b2b-abm 301
/marketing-strategy /en/services/b2b-abm 301
/abm-training /en/services/b2b-abm 301
/fr/abm /fr/services/b2b-abm 301
/fr/campaign-management /fr/services/b2b-abm 301
/fr/marketing-automation /fr/services/b2b-abm 301
/fr/marketing-strategy /fr/services/b2b-abm 301
/fr/abm-training /fr/services/b2b-abm 301

# ========================
# AUTOMOTIVE (EN)
# ========================
/automotive/google-ads /en/automotive/google-ads 301
/automotive/paid-social /en/automotive/paid-social 301
/automotive/facebook-dynamic-ads /en/automotive/dynamic-ads 301
/automotive/dynamic-ads /en/automotive/dynamic-ads 301

# Old Facebook Dynamic Ads URLs to new Dynamic Ads
/en/automotive/facebook-dynamic-ads /en/automotive/dynamic-ads 301
/fr/automotive/facebook-dynamic-ads /fr/automotive/dynamic-ads 301

# ========================
# BLOG LIST
# ========================
/blogs /en/blog 301
/fr/blogs /fr/blog 301

# ========================
# BLOG ARTICLES (EN)
# ========================
/blog/abm-deck /en/blog/abm-deck 301
/blog/beware-of-scammers /en/blog/beware-of-scammers 301
/blog/facebook-dynamic-ads-for-automotive-dealers /en/blog/facebook-dynamic-ads-automotive 301
/blog/google-consent-mode-v2 /en/blog/google-consent-mode-v2 301
/blog/how-people-really-use-chatgpt /en/blog/how-to-rank-on-chatgpt 301
/blog/how-to-rank-on-chatgpt /en/blog/how-to-rank-on-chatgpt 301
/blog/how-to-train-teams-on-ai /en/blog/how-to-train-teams-on-ai 301
/blog/intent-data-in-b2b-marketing /en/blog/intent-data-b2b-marketing 301
/blog/marketing-automation-tools /en/blog/marketing-automation-tools 301
/blog/mydigipal-cx-ninjas-guide-to-partner-marketing /en/blog/partner-marketing-guide 301
/blog/mydigipal-podcast-1-whats-wrong-with-your-abm /en/blog/podcast-abm 301
/blog/open-source-ai-agents /en/blog/open-source-ai-agents 301
/blog/revolutionizing-b2b-marketing-with-abm /en/blog/revolutionizing-b2b-with-abm 301
/blog/successful-linkedin-strategy /en/blog/successful-linkedin-strategy 301

# ========================
# BLOG ARTICLES (FR)
# ========================
/fr/blog/abm-deck /fr/blog/abm-deck 301
/fr/blog/beware-of-scammers /fr/blog/beware-of-scammers 301
/fr/blog/facebook-dynamic-ads-for-automotive-dealers /fr/blog/facebook-dynamic-ads-automotive 301
/fr/blog/google-consent-mode-v2 /fr/blog/google-consent-mode-v2 301
/fr/blog/how-people-really-use-chatgpt /fr/blog/how-to-rank-on-chatgpt 301
/fr/blog/how-to-rank-on-chatgpt /fr/blog/how-to-rank-on-chatgpt 301
/fr/blog/how-to-train-teams-on-ai /fr/blog/how-to-train-teams-on-ai 301
/fr/blog/intent-data-in-b2b-marketing /fr/blog/intent-data-b2b-marketing 301
/fr/blog/marketing-automation-tools /fr/blog/marketing-automation-tools 301
/fr/blog/mydigipal-cx-ninjas-guide-to-partner-marketing /fr/blog/partner-marketing-guide 301
/fr/blog/mydigipal-podcast-1-whats-wrong-with-your-abm /fr/blog/podcast-abm 301
/fr/blog/open-source-ai-agents /fr/blog/open-source-ai-agents 301
/fr/blog/revolutionizing-b2b-marketing-with-abm /fr/blog/revolutionizing-b2b-with-abm 301
/fr/blog/successful-linkedin-strategy /fr/blog/successful-linkedin-strategy 301

# ========================
# CASE STUDIES LIST
# ========================
/case-studies /en/case-studies 301

# ========================
# CASE STUDY CATEGORIES (Redirect to main list)
# ========================
/case-study-categories/* /en/case-studies 301
/fr/case-study-categories/* /fr/case-studies 301

# ========================
# CASE STUDIES (EN)
# ========================
/case-study/abm-from-scratch-to-the-cloud /en/case-studies/quantum-metrics 301
/case-study/dmd /en/case-studies/dmd-group 301
/case-study/genesys-revamping-abm /en/case-studies/genesys 301
/case-study/gwi-paid-media-success /en/case-studies/gwi 301
/case-study/symbl-digital-marketing-introduction /en/case-studies/symbl-ai 301
/case-study/theobald /en/case-studies/theobald-group 301
/case-study/vulcain-group-increased-digital-strategy /en/case-studies/vulcain-group 301

# ========================
# CASE STUDIES (FR)
# ========================
/fr/case-study/abm-from-scratch-to-the-cloud /fr/case-studies/quantum-metrics 301
/fr/case-study/dmd /fr/case-studies/dmd-group 301
/fr/case-study/genesys-revamping-abm /fr/case-studies/genesys 301
/fr/case-study/gwi-paid-media-success /fr/case-studies/gwi 301
/fr/case-study/symbl-digital-marketing-introduction /fr/case-studies/symbl-ai 301
/fr/case-study/theobald /fr/case-studies/theobald-group 301
/fr/case-study/vulcain-group-increased-digital-strategy /fr/case-studies/vulcain-group 301

# ========================
# OTHER PAGES
# ========================
/contact-us /en/contact 301
/fr/contact-us /fr/contact 301
/our-team /en 301
/fr/our-team /fr 301
